sale_id,vendor_id,date,product,quantity,unit_price
1,8,2024-06-01,Peaches,25,9.51
2,3,2024-06-01,Banana Bread,14,5.41
3,5,2024-06-01,Goat Cheese,19,7.03
4,5,2024-06-01,Greek Yogurt,17,3.97
5,5,2024-06-01,Cream Cheese,29,9.79
6,7,2024-06-01,Cinnamon Powder,5,2.8
7,5,2024-06-01,Whole Milk Bottle,24,9.53
8,8,2024-06-01,Blueberries,26,5.85
9,7,2024-06-01,Cinnamon Powder,9,7.16
10,7,2024-06-01,Cinnamon Powder,21,9.8
11,4,2024-06-01,Beetroot Smoothie,9,4.48
12,10,2024-06-01,Oat Flour,16,5.23
13,4,2024-06-01,Ginger Shot,6,3.75
14,6,2024-06-01,Pork Sausage,10,6.2
15,8,2024-06-01,Apple Pack,16,3.55
16,8,2024-06-01,Peaches,22,5.33
17,5,2024-06-01,Whole Milk Bottle,12,3.3
18,5,2024-06-01,Goat Cheese,17,2.23
19,5,2024-06-01,Cream Cheese,17,10.9
20,10,2024-06-01,Brown Rice Bag,22,8.13
21,3,2024-06-01,Banana Bread,19,3.46
22,2,2024-06-01,Wildflower Honey,11,2.2
23,6,2024-06-01,Lamb Chops,7,3.01
24,5,2024-06-01,Cream Cheese,9,11.49
25,9,2024-06-01,Granola Cup,15,4.7
26,7,2024-06-01,Cinnamon Powder,19,6.35
27,7,2024-06-01,Curry Mix,24,11.8
28,2,2024-06-01,Comb Honey Jar,28,8.32
29,3,2024-06-01,Croissant,28,6.17
30,9,2024-06-01,Granola Cup,18,2.5
31,3,2024-06-01,Baguette,15,8.36
32,3,2024-06-01,Baguette,24,2.98
33,5,2024-06-01,Goat Cheese,21,8.01
34,5,2024-06-01,Cream Cheese,28,3.33
35,3,2024-06-01,Banana Bread,27,3.68
36,2,2024-06-01,Honey Sticks,16,2.57
37,3,2024-06-01,Sourdough Loaf,25,7.48
38,8,2024-06-01,Mangoes,18,2.19
39,9,2024-06-01,Granola Cup,26,7.08
40,9,2024-06-01,Vegan Wrap,14,8.87
41,5,2024-06-02,Whole Milk Bottle,10,3.67
42,8,2024-06-02,Mangoes,18,6.29
43,2,2024-06-02,Comb Honey Jar,13,5.6
44,9,2024-06-02,Quiche Slice,18,10.17
45,8,2024-06-02,Peaches,8,7.32
46,6,2024-06-02,Grass-fed Beef,30,3.51
47,5,2024-06-02,Cream Cheese,5,6.29
48,9,2024-06-02,Vegan Wrap,30,10.65
49,2,2024-06-02,Honey Sticks,27,2.5
50,8,2024-06-02,Apple Pack,8,4.35
51,7,2024-06-02,Curry Mix,6,2.33
52,1,2024-06-02,Spinach Pack,22,5.91
53,2,2024-06-02,Wildflower Honey,15,4.76
54,2,2024-06-02,Honey Sticks,9,4.57
55,10,2024-06-02,Oat Flour,11,3.02
56,8,2024-06-02,Apple Pack,18,5.41
57,9,2024-06-02,Quiche Slice,10,8.87
58,3,2024-06-02,Croissant,11,5.88
59,9,2024-06-02,Granola Cup,5,2.19
60,10,2024-06-02,Oat Flour,25,10.22
61,7,2024-06-02,Cinnamon Powder,19,9.82
62,10,2024-06-02,Brown Rice Bag,17,3.73
63,8,2024-06-02,Blueberries,27,3.59
64,3,2024-06-02,Croissant,29,11.98
65,3,2024-06-02,Banana Bread,28,2.44
66,2,2024-06-02,Wildflower Honey,10,10.76
67,6,2024-06-02,Lamb Chops,11,5.43
68,9,2024-06-02,Vegan Wrap,8,10.57
69,4,2024-06-02,Lemonade,9,7.26
70,9,2024-06-02,Granola Cup,7,10.65
71,8,2024-06-02,Peaches,27,6.24
72,7,2024-06-02,Cinnamon Powder,6,9.58
73,7,2024-06-02,Turmeric Root,27,3.97
74,8,2024-06-02,Peaches,22,11.72
75,10,2024-06-02,Oat Flour,15,11.6
76,10,2024-06-02,Oat Flour,23,4.35
77,6,2024-06-08,Grass-fed Beef,13,5.56
78,6,2024-06-08,Grass-fed Beef,15,3.14
79,7,2024-06-08,Cinnamon Powder,21,5.27
80,7,2024-06-08,Curry Mix,14,11.09
81,2,2024-06-08,Wildflower Honey,29,2.39
82,5,2024-06-08,Whole Milk Bottle,17,9.6
83,10,2024-06-08,Quinoa Pack,9,3.4
84,1,2024-06-08,Zucchini,28,8.75
85,5,2024-06-08,Greek Yogurt,8,9.79
86,6,2024-06-08,Grass-fed Beef,9,4.84
87,4,2024-06-08,Lemonade,13,2.07
88,5,2024-06-08,Whole Milk Bottle,9,6.82
89,10,2024-06-08,Brown Rice Bag,27,7.58
90,5,2024-06-08,Whole Milk Bottle,12,5.66
91,7,2024-06-08,Turmeric Root,18,4.9
92,4,2024-06-08,Lemonade,7,10.12
93,2,2024-06-08,Wildflower Honey,15,4.8
94,4,2024-06-08,Carrot Juice,19,8.24
95,10,2024-06-08,Quinoa Pack,9,7.77
96,2,2024-06-08,Wildflower Honey,18,6.03
97,1,2024-06-08,Spinach Pack,11,11.53
98,4,2024-06-08,Beetroot Smoothie,23,4.09
99,8,2024-06-08,Apple Pack,16,5.76
100,4,2024-06-08,Ginger Shot,7,6.68
101,1,2024-06-08,Zucchini,9,9.49
102,6,2024-06-08,Grass-fed Beef,30,7.34
103,3,2024-06-08,Croissant,15,2.16
104,5,2024-06-08,Whole Milk Bottle,11,2.15
105,8,2024-06-08,Peaches,21,11.69
106,8,2024-06-08,Peaches,15,10.91
107,10,2024-06-09,Quinoa Pack,6,9.06
108,10,2024-06-09,Quinoa Pack,15,11.91
109,7,2024-06-09,Cinnamon Powder,29,7.31
110,8,2024-06-09,Mangoes,11,10.74
111,3,2024-06-09,Banana Bread,30,11.21
112,10,2024-06-09,Brown Rice Bag,13,4.91
113,1,2024-06-09,Kale Bunch,25,3.77
114,6,2024-06-09,Pork Sausage,7,3.97
115,6,2024-06-09,Lamb Chops,21,11.88
116,5,2024-06-09,Cream Cheese,18,6.95
117,2,2024-06-09,Wildflower Honey,7,11.93
118,10,2024-06-09,Brown Rice Bag,10,4.03
119,4,2024-06-09,Beetroot Smoothie,26,7.05
120,5,2024-06-09,Cream Cheese,17,2.06
121,8,2024-06-09,Mangoes,15,3.33
122,2,2024-06-09,Honey Sticks,16,8.14
123,3,2024-06-09,Croissant,14,2.75
124,7,2024-06-09,Turmeric Root,19,3.79
125,7,2024-06-09,Curry Mix,25,7.83
126,8,2024-06-09,Peaches,7,11.93
127,5,2024-06-09,Greek Yogurt,29,4.79
128,5,2024-06-09,Goat Cheese,22,7.81
129,3,2024-06-09,Sourdough Loaf,26,11.79
130,7,2024-06-09,Curry Mix,7,9.52
131,6,2024-06-09,Lamb Chops,22,11.44
132,8,2024-06-09,Apple Pack,21,9.73
133,1,2024-06-09,Spinach Pack,19,4.8
134,10,2024-06-09,Quinoa Pack,7,4.58
135,6,2024-06-09,Grass-fed Beef,30,5.56
136,10,2024-06-09,Quinoa Pack,12,8.75
137,10,2024-06-09,Brown Rice Bag,18,4.89
138,9,2024-06-09,Vegan Wrap,25,4.7
139,8,2024-06-09,Peaches,26,8.85
140,10,2024-06-09,Brown Rice Bag,26,10.28
141,9,2024-06-09,Quiche Slice,17,10.06
142,7,2024-06-09,Turmeric Root,13,8.82
143,4,2024-06-09,Beetroot Smoothie,8,11.82
144,1,2024-06-15,Kale Bunch,11,2.27
145,1,2024-06-15,Zucchini,13,9.75
146,8,2024-06-15,Peaches,5,2.71
147,9,2024-06-15,Vegan Wrap,16,7.11
148,6,2024-06-15,Pork Sausage,15,3.39
149,9,2024-06-15,Vegan Wrap,19,6.21
150,6,2024-06-15,Lamb Chops,8,4.57
151,8,2024-06-15,Mangoes,11,11.61
152,2,2024-06-15,Honey Sticks,5,2.27
153,9,2024-06-15,Vegan Wrap,21,4.25
154,4,2024-06-15,Ginger Shot,21,4.69
155,9,2024-06-15,Quiche Slice,22,4.34
156,3,2024-06-15,Croissant,11,8.82
157,3,2024-06-15,Sourdough Loaf,17,9.48
158,1,2024-06-15,Zucchini,24,5.56
159,7,2024-06-15,Curry Mix,15,7.87
160,1,2024-06-15,Arugula,5,5.08
161,1,2024-06-15,Spinach Pack,14,7.15
162,5,2024-06-15,Greek Yogurt,21,10.89
163,1,2024-06-15,Arugula,20,10.95
164,7,2024-06-15,Curry Mix,27,7.0
165,10,2024-06-15,Oat Flour,20,10.77
166,1,2024-06-15,Arugula,22,3.03
167,2,2024-06-15,Wildflower Honey,13,7.97
168,1,2024-06-15,Spinach Pack,22,5.61
169,5,2024-06-15,Cream Cheese,21,5.44
170,3,2024-06-15,Banana Bread,28,4.77
171,1,2024-06-15,Zucchini,11,3.79
172,5,2024-06-15,Whole Milk Bottle,17,8.65
173,1,2024-06-15,Spinach Pack,24,9.96
174,4,2024-06-15,Beetroot Smoothie,21,8.25
175,7,2024-06-15,Turmeric Root,14,10.62
176,7,2024-06-15,Curry Mix,29,3.57
177,3,2024-06-15,Croissant,22,8.62
178,8,2024-06-15,Mangoes,28,10.11
179,7,2024-06-15,Cinnamon Powder,22,3.02
180,8,2024-06-16,Blueberries,9,4.79
181,8,2024-06-16,Mangoes,20,7.52
182,6,2024-06-16,Grass-fed Beef,26,10.96
183,6,2024-06-16,Pork Sausage,16,6.64
184,2,2024-06-16,Wildflower Honey,9,4.67
185,9,2024-06-16,Vegan Wrap,26,10.45
186,4,2024-06-16,Beetroot Smoothie,18,6.17
187,5,2024-06-16,Goat Cheese,6,10.04
188,9,2024-06-16,Quiche Slice,10,5.71
189,8,2024-06-16,Peaches,20,9.61
190,10,2024-06-16,Brown Rice Bag,18,4.0
191,1,2024-06-16,Zucchini,15,2.07
192,9,2024-06-16,Vegan Wrap,30,9.77
193,5,2024-06-16,Goat Cheese,20,10.23
194,2,2024-06-16,Wildflower Honey,29,7.81
195,4,2024-06-16,Beetroot Smoothie,5,8.79
196,10,2024-06-16,Brown Rice Bag,25,9.99
197,10,2024-06-16,Oat Flour,18,9.1
198,2,2024-06-16,Comb Honey Jar,7,3.8
199,8,2024-06-16,Mangoes,17,10.4
200,7,2024-06-16,Turmeric Root,27,11.47
201,7,2024-06-16,Curry Mix,12,8.25
202,9,2024-06-16,Quiche Slice,14,5.95
203,2,2024-06-16,Honey Sticks,15,7.1
204,5,2024-06-16,Greek Yogurt,19,4.33
205,7,2024-06-16,Curry Mix,8,9.22
206,4,2024-06-16,Beetroot Smoothie,14,6.04
207,2,2024-06-16,Comb Honey Jar,23,8.42
208,8,2024-06-16,Mangoes,29,3.45
209,1,2024-06-16,Spinach Pack,21,2.76
210,4,2024-06-16,Carrot Juice,14,7.21
211,2,2024-06-16,Honey Sticks,18,4.38
212,2,2024-06-16,Wildflower Honey,14,4.59
213,3,2024-06-22,Croissant,26,10.91
214,5,2024-06-22,Greek Yogurt,23,8.06
215,9,2024-06-22,Quiche Slice,13,2.92
216,1,2024-06-22,Arugula,18,9.12
217,7,2024-06-22,Curry Mix,10,6.93
218,4,2024-06-22,Beetroot Smoothie,25,4.41
219,8,2024-06-22,Blueberries,22,2.66
220,1,2024-06-22,Kale Bunch,10,11.84
221,9,2024-06-22,Granola Cup,13,11.41
222,4,2024-06-22,Carrot Juice,18,2.7
223,2,2024-06-22,Honey Sticks,25,9.41
224,3,2024-06-22,Banana Bread,30,2.97
225,7,2024-06-22,Curry Mix,28,8.62
226,6,2024-06-22,Grass-fed Beef,6,11.78
227,3,2024-06-22,Banana Bread,20,7.52
228,2,2024-06-22,Honey Sticks,12,9.81
229,4,2024-06-22,Lemonade,12,2.26
230,9,2024-06-22,Granola Cup,26,3.86
231,7,2024-06-22,Cinnamon Powder,30,4.1
232,3,2024-06-22,Sourdough Loaf,6,5.05
233,5,2024-06-22,Greek Yogurt,8,11.47
234,4,2024-06-22,Lemonade,19,5.11
235,6,2024-06-22,Lamb Chops,28,2.53
236,4,2024-06-22,Beetroot Smoothie,12,4.6
237,3,2024-06-22,Sourdough Loaf,9,9.03
238,5,2024-06-22,Goat Cheese,16,11.89
239,3,2024-06-22,Croissant,12,2.76
240,6,2024-06-22,Pork Sausage,25,6.55
241,2,2024-06-22,Comb Honey Jar,13,8.22
242,2,2024-06-22,Comb Honey Jar,13,4.63
243,8,2024-06-22,Apple Pack,14,2.16
244,5,2024-06-22,Greek Yogurt,20,2.73
245,6,2024-06-22,Lamb Chops,25,10.28
246,2,2024-06-22,Honey Sticks,25,7.64
247,3,2024-06-22,Baguette,5,11.39
248,5,2024-06-22,Whole Milk Bottle,17,5.52
249,4,2024-06-22,Beetroot Smoothie,13,2.45
250,6,2024-06-22,Grass-fed Beef,22,2.59
251,2,2024-06-22,Honey Sticks,21,9.9
252,9,2024-06-22,Granola Cup,29,3.12
253,2,2024-06-23,Wildflower Honey,10,2.53
254,8,2024-06-23,Peaches,15,6.41
255,3,2024-06-23,Croissant,25,10.97
256,1,2024-06-23,Arugula,5,2.73
257,7,2024-06-23,Turmeric Root,7,11.32
258,2,2024-06-23,Comb Honey Jar,25,7.89
259,8,2024-06-23,Blueberries,21,9.46
260,4,2024-06-23,Lemonade,24,2.32
261,8,2024-06-23,Apple Pack,11,3.94
262,10,2024-06-23,Brown Rice Bag,19,8.16
263,9,2024-06-23,Quiche Slice,14,2.33
264,7,2024-06-23,Curry Mix,23,4.77
265,8,2024-06-23,Blueberries,7,11.5
266,2,2024-06-23,Honey Sticks,30,2.73
267,1,2024-06-23,Arugula,22,8.83
268,2,2024-06-23,Comb Honey Jar,18,5.62
269,3,2024-06-23,Banana Bread,14,7.46
270,6,2024-06-23,Lamb Chops,18,11.37
271,4,2024-06-23,Carrot Juice,21,4.49
272,4,2024-06-23,Carrot Juice,11,8.23
273,10,2024-06-23,Oat Flour,22,11.76
274,10,2024-06-23,Oat Flour,8,5.69
275,10,2024-06-23,Quinoa Pack,5,5.34
276,5,2024-06-23,Goat Cheese,8,11.01
277,3,2024-06-23,Baguette,7,3.92
278,5,2024-06-23,Cream Cheese,18,5.05
279,2,2024-06-23,Honey Sticks,27,3.29
280,8,2024-06-23,Apple Pack,12,11.47
281,9,2024-06-23,Quiche Slice,5,5.37
282,7,2024-06-23,Curry Mix,8,8.73
283,5,2024-06-23,Cream Cheese,7,8.49
284,1,2024-06-23,Zucchini,25,4.41
285,4,2024-06-29,Ginger Shot,5,9.6
286,7,2024-06-29,Cinnamon Powder,17,3.79
287,3,2024-06-29,Croissant,17,3.26
288,8,2024-06-29,Mangoes,19,8.98
289,4,2024-06-29,Ginger Shot,27,10.38
290,8,2024-06-29,Peaches,16,3.52
291,6,2024-06-29,Lamb Chops,30,9.46
292,5,2024-06-29,Greek Yogurt,14,9.21
293,7,2024-06-29,Curry Mix,15,10.15
294,6,2024-06-29,Pork Sausage,10,10.57
295,10,2024-06-29,Oat Flour,28,7.02
296,6,2024-06-29,Lamb Chops,8,4.48
297,6,2024-06-29,Lamb Chops,17,10.73
298,7,2024-06-29,Cinnamon Powder,8,2.1
299,7,2024-06-29,Turmeric Root,25,5.01
300,9,2024-06-29,Vegan Wrap,10,4.38
301,9,2024-06-29,Quiche Slice,25,6.91
302,3,2024-06-29,Croissant,25,2.45
303,3,2024-06-29,Croissant,5,9.79
304,2,2024-06-29,Comb Honey Jar,30,2.9
305,5,2024-06-29,Cream Cheese,9,5.94
306,5,2024-06-29,Cream Cheese,10,10.62
307,4,2024-06-29,Ginger Shot,28,10.28
308,10,2024-06-29,Oat Flour,9,3.66
309,10,2024-06-29,Quinoa Pack,26,9.56
310,7,2024-06-29,Curry Mix,24,6.24
311,8,2024-06-29,Peaches,24,11.33
312,3,2024-06-29,Croissant,13,11.2
313,7,2024-06-29,Curry Mix,30,5.14
314,8,2024-06-29,Peaches,8,7.47
315,8,2024-06-29,Mangoes,29,3.48
316,8,2024-06-29,Mangoes,7,5.48
317,10,2024-06-29,Brown Rice Bag,17,4.34
318,3,2024-06-29,Croissant,23,7.99
319,5,2024-06-30,Whole Milk Bottle,13,3.75
320,2,2024-06-30,Comb Honey Jar,26,6.49
321,5,2024-06-30,Whole Milk Bottle,10,10.85
322,7,2024-06-30,Turmeric Root,19,9.59
323,5,2024-06-30,Goat Cheese,10,7.27
324,8,2024-06-30,Mangoes,23,2.34
325,1,2024-06-30,Spinach Pack,24,4.53
326,8,2024-06-30,Peaches,15,7.84
327,8,2024-06-30,Peaches,19,3.69
328,7,2024-06-30,Turmeric Root,6,11.84
329,6,2024-06-30,Lamb Chops,13,6.7
330,6,2024-06-30,Grass-fed Beef,18,7.35
331,1,2024-06-30,Arugula,25,6.36
332,7,2024-06-30,Turmeric Root,29,3.62
333,1,2024-06-30,Kale Bunch,27,10.61
334,6,2024-06-30,Grass-fed Beef,21,10.5
335,2,2024-06-30,Comb Honey Jar,14,9.44
336,2,2024-06-30,Comb Honey Jar,29,5.02
337,5,2024-06-30,Goat Cheese,8,6.7
338,8,2024-06-30,Peaches,16,2.67
339,1,2024-06-30,Arugula,25,11.14
340,6,2024-06-30,Grass-fed Beef,14,7.06
341,5,2024-06-30,Whole Milk Bottle,5,7.66
342,4,2024-06-30,Carrot Juice,8,3.62
343,3,2024-06-30,Croissant,20,8.15
344,5,2024-06-30,Goat Cheese,9,2.68
345,9,2024-06-30,Vegan Wrap,22,11.76
346,2,2024-06-30,Wildflower Honey,10,10.02
347,3,2024-06-30,Banana Bread,24,7.37
348,10,2024-06-30,Oat Flour,6,6.56
349,7,2024-06-30,Turmeric Root,17,5.9
350,10,2024-06-30,Oat Flour,10,6.28
351,1,2024-07-06,Arugula,26,2.95
352,6,2024-07-06,Pork Sausage,20,10.14
353,2,2024-07-06,Wildflower Honey,18,5.85
354,7,2024-07-06,Cinnamon Powder,25,7.03
355,2,2024-07-06,Comb Honey Jar,13,8.19
356,6,2024-07-06,Pork Sausage,17,7.35
357,1,2024-07-06,Kale Bunch,22,7.6
358,4,2024-07-06,Ginger Shot,11,8.97
359,5,2024-07-06,Greek Yogurt,5,8.32
360,10,2024-07-06,Brown Rice Bag,11,11.03
361,3,2024-07-06,Sourdough Loaf,24,4.26
362,4,2024-07-06,Beetroot Smoothie,14,2.67
363,3,2024-07-06,Banana Bread,13,10.76
364,3,2024-07-06,Banana Bread,13,11.3
365,2,2024-07-06,Comb Honey Jar,22,8.84
366,9,2024-07-06,Granola Cup,28,8.56
367,3,2024-07-06,Sourdough Loaf,6,9.4
368,3,2024-07-06,Baguette,29,5.93
369,9,2024-07-06,Vegan Wrap,5,3.13
370,5,2024-07-06,Cream Cheese,25,6.02
371,9,2024-07-06,Granola Cup,26,11.15
372,9,2024-07-06,Quiche Slice,19,6.6
373,3,2024-07-06,Sourdough Loaf,12,9.62
374,3,2024-07-06,Banana Bread,22,5.04
375,1,2024-07-06,Spinach Pack,24,11.72
376,8,2024-07-06,Blueberries,21,10.66
377,4,2024-07-06,Beetroot Smoothie,14,5.76
378,10,2024-07-06,Quinoa Pack,13,4.74
379,8,2024-07-06,Peaches,17,7.15
380,5,2024-07-06,Goat Cheese,8,10.76
381,2,2024-07-06,Honey Sticks,15,6.89
382,4,2024-07-07,Lemonade,15,2.11
383,3,2024-07-07,Baguette,14,9.62
384,8,2024-07-07,Blueberries,11,5.29
385,2,2024-07-07,Wildflower Honey,25,3.86
386,4,2024-07-07,Lemonade,15,2.72
387,4,2024-07-07,Ginger Shot,13,7.84
388,5,2024-07-07,Whole Milk Bottle,12,8.66
389,2,2024-07-07,Honey Sticks,14,10.75
390,4,2024-07-07,Carrot Juice,18,2.08
391,6,2024-07-07,Pork Sausage,29,6.79
392,7,2024-07-07,Turmeric Root,18,10.92
393,1,2024-07-07,Spinach Pack,21,7.61
394,10,2024-07-07,Quinoa Pack,18,4.33
395,10,2024-07-07,Brown Rice Bag,29,10.27
396,10,2024-07-07,Brown Rice Bag,24,6.58
397,4,2024-07-07,Lemonade,19,6.4
398,1,2024-07-07,Kale Bunch,13,3.31
399,5,2024-07-07,Whole Milk Bottle,20,10.32
400,7,2024-07-07,Cinnamon Powder,29,7.84
401,7,2024-07-07,Cinnamon Powder,15,11.86
402,10,2024-07-07,Oat Flour,30,4.43
403,1,2024-07-07,Kale Bunch,27,3.09
404,1,2024-07-07,Zucchini,11,7.8
405,8,2024-07-07,Mangoes,20,3.48
406,4,2024-07-07,Carrot Juice,22,8.55
407,7,2024-07-07,Turmeric Root,30,3.88
408,6,2024-07-07,Grass-fed Beef,10,11.84
409,1,2024-07-07,Kale Bunch,22,7.18
410,8,2024-07-07,Peaches,20,4.93
411,2,2024-07-07,Comb Honey Jar,22,10.07
412,2,2024-07-07,Honey Sticks,7,5.64
413,5,2024-07-07,Cream Cheese,28,8.57
414,2,2024-07-07,Wildflower Honey,15,5.15
415,2,2024-07-07,Comb Honey Jar,24,6.71
416,6,2024-07-13,Grass-fed Beef,16,9.89
417,2,2024-07-13,Wildflower Honey,20,5.26
418,4,2024-07-13,Ginger Shot,7,3.72
419,9,2024-07-13,Vegan Wrap,6,7.92
420,7,2024-07-13,Turmeric Root,6,4.89
421,3,2024-07-13,Baguette,10,2.12
422,2,2024-07-13,Wildflower Honey,22,5.14
423,9,2024-07-13,Quiche Slice,30,4.18
424,9,2024-07-13,Vegan Wrap,26,2.83
425,3,2024-07-13,Baguette,13,9.02
426,3,2024-07-13,Banana Bread,9,2.32
427,10,2024-07-13,Brown Rice Bag,8,3.56
428,5,2024-07-13,Goat Cheese,29,9.68
429,3,2024-07-13,Croissant,21,4.08
430,10,2024-07-13,Oat Flour,7,6.57
431,4,2024-07-13,Ginger Shot,11,11.12
432,3,2024-07-13,Banana Bread,29,2.36
433,6,2024-07-13,Grass-fed Beef,30,2.49
434,8,2024-07-13,Apple Pack,14,10.05
435,7,2024-07-13,Cinnamon Powder,5,4.51
436,4,2024-07-13,Beetroot Smoothie,7,11.18
437,3,2024-07-13,Sourdough Loaf,22,2.2
438,8,2024-07-13,Peaches,16,3.55
439,8,2024-07-13,Peaches,14,9.58
440,8,2024-07-13,Peaches,18,10.57
441,5,2024-07-13,Whole Milk Bottle,22,6.01
442,4,2024-07-13,Lemonade,27,3.57
443,4,2024-07-13,Lemonade,10,11.21
444,10,2024-07-13,Quinoa Pack,18,7.5
445,1,2024-07-13,Kale Bunch,20,4.65
446,7,2024-07-13,Curry Mix,24,8.05
447,9,2024-07-13,Quiche Slice,26,2.08
448,1,2024-07-13,Arugula,28,2.23
449,8,2024-07-13,Mangoes,23,3.25
450,2,2024-07-13,Wildflower Honey,11,6.17
451,6,2024-07-13,Grass-fed Beef,9,10.82
452,4,2024-07-13,Carrot Juice,5,5.59
453,10,2024-07-13,Brown Rice Bag,27,11.97
454,9,2024-07-14,Granola Cup,13,11.29
455,8,2024-07-14,Mangoes,7,4.73
456,10,2024-07-14,Quinoa Pack,8,10.38
457,10,2024-07-14,Quinoa Pack,30,8.62
458,8,2024-07-14,Blueberries,24,6.6
459,3,2024-07-14,Banana Bread,18,10.62
460,6,2024-07-14,Grass-fed Beef,20,9.63
461,9,2024-07-14,Vegan Wrap,7,2.62
462,8,2024-07-14,Mangoes,19,9.73
463,8,2024-07-14,Mangoes,7,6.02
464,8,2024-07-14,Mangoes,15,4.45
465,4,2024-07-14,Lemonade,11,9.62
466,2,2024-07-14,Honey Sticks,8,6.14
467,7,2024-07-14,Cinnamon Powder,18,2.95
468,1,2024-07-14,Kale Bunch,8,6.68
469,1,2024-07-14,Kale Bunch,29,2.15
470,8,2024-07-14,Mangoes,9,8.93
471,3,2024-07-14,Sourdough Loaf,24,8.19
472,7,2024-07-14,Curry Mix,13,9.47
473,1,2024-07-14,Arugula,9,9.54
474,6,2024-07-14,Lamb Chops,14,4.2
475,5,2024-07-14,Greek Yogurt,15,7.84
476,3,2024-07-14,Croissant,18,2.48
477,7,2024-07-14,Curry Mix,5,8.94
478,2,2024-07-14,Wildflower Honey,27,2.59
479,7,2024-07-14,Cinnamon Powder,18,7.84
480,8,2024-07-14,Peaches,12,6.95
481,7,2024-07-14,Cinnamon Powder,9,7.12
482,10,2024-07-14,Quinoa Pack,19,2.14
483,5,2024-07-14,Whole Milk Bottle,28,2.79
484,5,2024-07-14,Cream Cheese,22,4.13
485,7,2024-07-14,Turmeric Root,15,8.17
486,4,2024-07-14,Lemonade,17,11.53
487,1,2024-07-14,Spinach Pack,25,10.21
488,7,2024-07-20,Turmeric Root,11,6.35
489,5,2024-07-20,Greek Yogurt,20,8.83
490,6,2024-07-20,Grass-fed Beef,13,4.85
491,8,2024-07-20,Mangoes,30,7.4
492,10,2024-07-20,Brown Rice Bag,14,5.38
493,9,2024-07-20,Quiche Slice,24,5.68
494,4,2024-07-20,Carrot Juice,29,5.32
495,4,2024-07-20,Carrot Juice,10,3.98
496,7,2024-07-20,Cinnamon Powder,23,8.66
497,2,2024-07-20,Wildflower Honey,19,3.46
498,3,2024-07-20,Sourdough Loaf,18,7.14
499,1,2024-07-20,Arugula,8,10.09
500,3,2024-07-20,Sourdough Loaf,19,10.16
501,1,2024-07-20,Zucchini,23,3.12
502,9,2024-07-20,Quiche Slice,5,10.45
503,6,2024-07-20,Grass-fed Beef,11,2.13
504,2,2024-07-20,Wildflower Honey,21,9.2
505,10,2024-07-20,Brown Rice Bag,25,8.36
506,1,2024-07-20,Spinach Pack,11,4.4
507,1,2024-07-20,Spinach Pack,30,10.0
508,1,2024-07-20,Spinach Pack,11,6.57
509,10,2024-07-20,Brown Rice Bag,24,4.8
510,2,2024-07-20,Comb Honey Jar,30,3.75
511,5,2024-07-20,Whole Milk Bottle,29,4.08
512,6,2024-07-20,Grass-fed Beef,18,5.06
513,9,2024-07-20,Vegan Wrap,27,9.25
514,10,2024-07-20,Brown Rice Bag,25,3.25
515,6,2024-07-20,Grass-fed Beef,12,4.2
516,4,2024-07-20,Beetroot Smoothie,21,7.08
517,3,2024-07-20,Sourdough Loaf,8,8.44
518,1,2024-07-20,Arugula,15,9.29
519,7,2024-07-20,Turmeric Root,13,4.74
520,9,2024-07-21,Quiche Slice,26,6.1
521,2,2024-07-21,Comb Honey Jar,16,2.97
522,7,2024-07-21,Turmeric Root,7,8.65
523,5,2024-07-21,Whole Milk Bottle,26,3.3
524,4,2024-07-21,Lemonade,29,3.41
525,1,2024-07-21,Kale Bunch,29,9.4
526,3,2024-07-21,Baguette,11,3.38
527,9,2024-07-21,Vegan Wrap,5,4.25
528,10,2024-07-21,Quinoa Pack,20,5.96
529,3,2024-07-21,Sourdough Loaf,24,3.78
530,7,2024-07-21,Cinnamon Powder,29,11.8
531,4,2024-07-21,Carrot Juice,19,6.5
532,1,2024-07-21,Spinach Pack,10,9.73
533,7,2024-07-21,Turmeric Root,11,2.4
534,5,2024-07-21,Goat Cheese,30,8.62
535,4,2024-07-21,Beetroot Smoothie,29,7.15
536,2,2024-07-21,Wildflower Honey,24,11.99
537,10,2024-07-21,Oat Flour,20,8.63
538,7,2024-07-21,Curry Mix,27,9.55
539,10,2024-07-21,Quinoa Pack,5,10.64
540,7,2024-07-21,Curry Mix,29,4.96
541,7,2024-07-21,Turmeric Root,24,8.84
542,8,2024-07-21,Peaches,13,8.79
543,4,2024-07-21,Lemonade,25,2.99
544,1,2024-07-21,Kale Bunch,20,3.84
545,8,2024-07-21,Peaches,13,9.76
546,9,2024-07-21,Quiche Slice,26,8.33
547,9,2024-07-21,Vegan Wrap,10,7.04
548,7,2024-07-21,Turmeric Root,28,10.9
549,3,2024-07-21,Baguette,12,7.66
550,7,2024-07-21,Turmeric Root,11,11.18
551,6,2024-07-21,Lamb Chops,12,3.99
552,10,2024-07-21,Quinoa Pack,29,6.41
553,5,2024-07-21,Cream Cheese,19,7.7
554,10,2024-07-21,Brown Rice Bag,22,4.22
555,10,2024-07-21,Oat Flour,9,6.46
556,7,2024-07-27,Curry Mix,25,11.96
557,1,2024-07-27,Zucchini,8,6.52
558,3,2024-07-27,Croissant,13,10.67
559,7,2024-07-27,Turmeric Root,29,5.48
560,10,2024-07-27,Brown Rice Bag,29,6.03
561,3,2024-07-27,Sourdough Loaf,14,5.33
562,7,2024-07-27,Cinnamon Powder,25,10.61
563,8,2024-07-27,Mangoes,10,4.79
564,7,2024-07-27,Cinnamon Powder,24,5.27
565,1,2024-07-27,Arugula,7,5.47
566,4,2024-07-27,Ginger Shot,19,9.28
567,9,2024-07-27,Quiche Slice,10,7.43
568,4,2024-07-27,Beetroot Smoothie,6,9.32
569,3,2024-07-27,Baguette,25,10.62
570,3,2024-07-27,Baguette,29,7.24
571,6,2024-07-27,Lamb Chops,5,10.57
572,6,2024-07-27,Pork Sausage,19,5.54
573,2,2024-07-27,Comb Honey Jar,9,5.22
574,8,2024-07-27,Blueberries,17,9.03
575,2,2024-07-27,Comb Honey Jar,30,9.76
576,3,2024-07-27,Banana Bread,10,2.92
577,4,2024-07-27,Lemonade,7,4.55
578,8,2024-07-27,Blueberries,5,7.3
579,10,2024-07-27,Quinoa Pack,17,5.45
580,3,2024-07-27,Banana Bread,7,11.59
581,7,2024-07-27,Cinnamon Powder,25,5.01
582,2,2024-07-27,Wildflower Honey,26,3.26
583,1,2024-07-27,Zucchini,26,11.45
584,6,2024-07-27,Grass-fed Beef,28,6.72
585,7,2024-07-27,Curry Mix,26,6.28
586,7,2024-07-27,Turmeric Root,12,11.34
587,5,2024-07-27,Whole Milk Bottle,17,2.72
588,1,2024-07-27,Zucchini,27,8.25
589,9,2024-07-27,Vegan Wrap,27,4.34
590,5,2024-07-27,Goat Cheese,20,3.55
591,7,2024-07-27,Curry Mix,7,8.43
592,9,2024-07-27,Quiche Slice,25,2.6
593,7,2024-07-27,Curry Mix,27,9.79
594,4,2024-07-28,Carrot Juice,8,2.72
595,3,2024-07-28,Croissant,20,7.68
596,10,2024-07-28,Quinoa Pack,24,5.5
597,4,2024-07-28,Lemonade,15,3.3
598,1,2024-07-28,Spinach Pack,15,2.43
599,9,2024-07-28,Granola Cup,25,9.02
600,8,2024-07-28,Blueberries,18,10.73
601,6,2024-07-28,Lamb Chops,23,3.82
602,5,2024-07-28,Goat Cheese,12,10.46
603,3,2024-07-28,Croissant,5,11.64
604,9,2024-07-28,Granola Cup,9,9.0
605,5,2024-07-28,Whole Milk Bottle,25,10.36
606,8,2024-07-28,Mangoes,11,6.59
607,5,2024-07-28,Cream Cheese,29,5.95
608,5,2024-07-28,Whole Milk Bottle,24,3.39
609,10,2024-07-28,Brown Rice Bag,27,2.58
610,7,2024-07-28,Curry Mix,17,11.81
611,10,2024-07-28,Brown Rice Bag,25,6.42
612,4,2024-07-28,Carrot Juice,5,7.66
613,9,2024-07-28,Vegan Wrap,23,11.67
614,7,2024-07-28,Curry Mix,7,8.13
615,6,2024-07-28,Lamb Chops,29,9.03
616,6,2024-07-28,Grass-fed Beef,22,8.7
617,2,2024-07-28,Comb Honey Jar,15,5.33
618,3,2024-07-28,Banana Bread,30,10.64
619,4,2024-07-28,Beetroot Smoothie,14,3.17
620,9,2024-07-28,Vegan Wrap,10,7.62
621,7,2024-07-28,Curry Mix,30,8.53
622,1,2024-07-28,Spinach Pack,20,5.18
623,9,2024-07-28,Quiche Slice,13,3.15
624,1,2024-08-03,Arugula,30,9.87
625,4,2024-08-03,Ginger Shot,17,7.28
626,5,2024-08-03,Greek Yogurt,18,4.4
627,7,2024-08-03,Cinnamon Powder,12,9.09
628,5,2024-08-03,Greek Yogurt,16,5.4
629,3,2024-08-03,Banana Bread,7,10.77
630,4,2024-08-03,Ginger Shot,11,4.75
631,4,2024-08-03,Beetroot Smoothie,5,9.92
632,4,2024-08-03,Lemonade,13,6.65
633,10,2024-08-03,Oat Flour,14,4.32
634,3,2024-08-03,Banana Bread,16,11.01
635,2,2024-08-03,Wildflower Honey,15,6.74
636,5,2024-08-03,Cream Cheese,24,10.05
637,2,2024-08-03,Comb Honey Jar,22,7.87
638,6,2024-08-03,Lamb Chops,18,8.33
639,7,2024-08-03,Turmeric Root,6,2.32
640,5,2024-08-03,Cream Cheese,18,11.44
641,1,2024-08-03,Kale Bunch,8,10.64
642,6,2024-08-03,Pork Sausage,27,6.63
643,1,2024-08-03,Kale Bunch,25,2.77
644,10,2024-08-03,Quinoa Pack,19,7.88
645,4,2024-08-03,Carrot Juice,7,4.61
646,7,2024-08-03,Curry Mix,29,7.49
647,5,2024-08-03,Cream Cheese,22,3.7
648,7,2024-08-03,Cinnamon Powder,12,11.55
649,7,2024-08-03,Curry Mix,10,8.02
650,6,2024-08-03,Lamb Chops,12,4.81
651,9,2024-08-03,Granola Cup,6,2.64
652,6,2024-08-03,Grass-fed Beef,28,4.11
653,1,2024-08-03,Spinach Pack,10,9.93
654,3,2024-08-03,Baguette,5,3.27
655,1,2024-08-03,Spinach Pack,6,3.2
656,7,2024-08-03,Turmeric Root,24,6.54
657,2,2024-08-03,Wildflower Honey,29,8.26
658,3,2024-08-03,Sourdough Loaf,23,6.04
659,3,2024-08-03,Banana Bread,28,5.26
660,4,2024-08-03,Ginger Shot,24,11.86
661,8,2024-08-03,Apple Pack,24,11.15
662,7,2024-08-04,Cinnamon Powder,7,9.93
663,10,2024-08-04,Oat Flour,17,6.49
664,3,2024-08-04,Baguette,29,2.32
665,3,2024-08-04,Sourdough Loaf,15,5.99
666,4,2024-08-04,Lemonade,30,4.89
667,1,2024-08-04,Zucchini,28,4.95
668,10,2024-08-04,Brown Rice Bag,20,10.36
669,1,2024-08-04,Zucchini,28,11.31
670,10,2024-08-04,Brown Rice Bag,26,11.12
671,3,2024-08-04,Baguette,20,11.82
672,1,2024-08-04,Kale Bunch,9,4.65
673,4,2024-08-04,Lemonade,11,7.31
674,6,2024-08-04,Pork Sausage,23,6.35
675,7,2024-08-04,Curry Mix,24,11.82
676,3,2024-08-04,Croissant,12,4.94
677,1,2024-08-04,Spinach Pack,28,6.64
678,7,2024-08-04,Turmeric Root,19,6.92
679,3,2024-08-04,Sourdough Loaf,8,5.59
680,8,2024-08-04,Apple Pack,27,3.67
681,10,2024-08-04,Quinoa Pack,25,5.23
682,5,2024-08-04,Cream Cheese,22,8.05
683,6,2024-08-04,Lamb Chops,14,2.51
684,4,2024-08-04,Beetroot Smoothie,5,8.38
685,9,2024-08-04,Quiche Slice,14,2.52
686,9,2024-08-04,Vegan Wrap,13,11.61
687,9,2024-08-04,Granola Cup,12,11.89
688,8,2024-08-04,Mangoes,24,11.49
689,8,2024-08-04,Peaches,17,4.13
690,7,2024-08-04,Curry Mix,11,6.36
691,5,2024-08-04,Greek Yogurt,27,7.31
692,4,2024-08-04,Lemonade,12,4.74
693,5,2024-08-04,Cream Cheese,24,8.02
694,3,2024-08-04,Sourdough Loaf,6,5.72
695,6,2024-08-04,Grass-fed Beef,13,2.88
696,5,2024-08-04,Greek Yogurt,21,10.77
697,6,2024-08-04,Lamb Chops,12,4.43
698,6,2024-08-04,Grass-fed Beef,8,5.87
699,7,2024-08-04,Cinnamon Powder,5,6.76
700,2,2024-08-04,Wildflower Honey,8,7.86
701,4,2024-08-04,Lemonade,30,10.92
702,4,2024-08-10,Beetroot Smoothie,19,3.36
703,4,2024-08-10,Beetroot Smoothie,21,9.56
704,7,2024-08-10,Turmeric Root,11,8.15
705,8,2024-08-10,Mangoes,6,10.33
706,10,2024-08-10,Oat Flour,5,4.94
707,2,2024-08-10,Wildflower Honey,26,10.8
708,1,2024-08-10,Spinach Pack,11,11.63
709,10,2024-08-10,Brown Rice Bag,26,5.74
710,3,2024-08-10,Croissant,28,11.47
711,8,2024-08-10,Mangoes,15,5.78
712,7,2024-08-10,Curry Mix,11,3.13
713,6,2024-08-10,Grass-fed Beef,6,7.56
714,8,2024-08-10,Blueberries,21,8.95
715,2,2024-08-10,Wildflower Honey,15,6.4
716,9,2024-08-10,Vegan Wrap,13,8.79
717,10,2024-08-10,Brown Rice Bag,24,6.77
718,5,2024-08-10,Greek Yogurt,11,7.84
719,5,2024-08-10,Whole Milk Bottle,20,7.7
720,5,2024-08-10,Cream Cheese,16,4.95
721,9,2024-08-10,Granola Cup,12,3.76
722,5,2024-08-10,Whole Milk Bottle,26,4.15
723,5,2024-08-10,Greek Yogurt,10,8.31
724,7,2024-08-10,Cinnamon Powder,28,2.12
725,8,2024-08-10,Apple Pack,26,10.51
726,6,2024-08-10,Grass-fed Beef,16,5.65
727,6,2024-08-10,Lamb Chops,9,4.97
728,8,2024-08-10,Blueberries,6,10.4
729,8,2024-08-10,Peaches,15,5.27
730,7,2024-08-10,Turmeric Root,16,5.31
731,1,2024-08-10,Kale Bunch,30,8.11
732,9,2024-08-11,Granola Cup,8,7.96
733,6,2024-08-11,Lamb Chops,13,6.38
734,6,2024-08-11,Grass-fed Beef,29,6.35
735,8,2024-08-11,Mangoes,15,3.68
736,8,2024-08-11,Mangoes,29,8.71
737,10,2024-08-11,Quinoa Pack,30,10.51
738,10,2024-08-11,Brown Rice Bag,27,6.23
739,2,2024-08-11,Comb Honey Jar,27,3.13
740,10,2024-08-11,Oat Flour,15,8.29
741,3,2024-08-11,Banana Bread,25,3.4
742,8,2024-08-11,Blueberries,20,8.89
743,8,2024-08-11,Blueberries,22,5.18
744,3,2024-08-11,Banana Bread,25,9.38
745,10,2024-08-11,Quinoa Pack,20,2.48
746,10,2024-08-11,Brown Rice Bag,13,6.54
747,1,2024-08-11,Kale Bunch,20,6.54
748,4,2024-08-11,Carrot Juice,17,3.87
749,5,2024-08-11,Whole Milk Bottle,12,10.0
750,1,2024-08-11,Arugula,6,6.34
751,1,2024-08-11,Spinach Pack,8,7.22
752,1,2024-08-11,Spinach Pack,19,6.51
753,6,2024-08-11,Lamb Chops,5,10.58
754,3,2024-08-11,Banana Bread,9,2.67
755,9,2024-08-11,Vegan Wrap,16,4.4
756,7,2024-08-11,Cinnamon Powder,5,4.09
757,4,2024-08-11,Ginger Shot,15,8.45
758,3,2024-08-11,Sourdough Loaf,16,3.36
759,7,2024-08-11,Cinnamon Powder,16,2.12
760,7,2024-08-11,Cinnamon Powder,21,5.13
761,5,2024-08-11,Greek Yogurt,30,6.73
762,9,2024-08-11,Vegan Wrap,18,3.96
763,3,2024-08-11,Baguette,6,8.64
764,10,2024-08-11,Brown Rice Bag,16,4.64
765,9,2024-08-11,Quiche Slice,11,10.17
766,10,2024-08-17,Quinoa Pack,22,6.89
767,5,2024-08-17,Goat Cheese,13,8.96
768,4,2024-08-17,Ginger Shot,28,11.97
769,7,2024-08-17,Turmeric Root,6,3.53
770,9,2024-08-17,Granola Cup,10,11.85
771,7,2024-08-17,Curry Mix,22,7.79
772,5,2024-08-17,Cream Cheese,24,9.47
773,7,2024-08-17,Cinnamon Powder,18,2.4
774,5,2024-08-17,Whole Milk Bottle,12,7.03
775,4,2024-08-17,Beetroot Smoothie,30,7.95
776,4,2024-08-17,Beetroot Smoothie,19,6.51
777,10,2024-08-17,Oat Flour,10,10.07
778,3,2024-08-17,Baguette,14,6.46
779,9,2024-08-17,Vegan Wrap,18,8.36
780,7,2024-08-17,Cinnamon Powder,17,6.48
781,8,2024-08-17,Mangoes,15,10.52
782,10,2024-08-17,Brown Rice Bag,29,7.44
783,3,2024-08-17,Sourdough Loaf,14,3.64
784,6,2024-08-17,Lamb Chops,17,3.46
785,7,2024-08-17,Turmeric Root,27,11.89
786,2,2024-08-17,Comb Honey Jar,24,3.62
787,1,2024-08-17,Kale Bunch,28,11.08
788,10,2024-08-17,Brown Rice Bag,30,10.32
789,3,2024-08-17,Croissant,18,2.35
790,10,2024-08-17,Quinoa Pack,27,3.61
791,8,2024-08-17,Apple Pack,13,8.2
792,7,2024-08-17,Cinnamon Powder,27,10.37
793,4,2024-08-17,Carrot Juice,10,5.65
794,4,2024-08-17,Ginger Shot,6,3.76
795,3,2024-08-17,Sourdough Loaf,11,11.53
796,1,2024-08-17,Kale Bunch,25,4.22
797,7,2024-08-17,Curry Mix,15,10.22
798,9,2024-08-17,Granola Cup,24,7.61
799,9,2024-08-18,Vegan Wrap,6,2.12
800,5,2024-08-18,Whole Milk Bottle,20,2.86
801,5,2024-08-18,Cream Cheese,16,9.68
802,4,2024-08-18,Beetroot Smoothie,14,4.43
803,7,2024-08-18,Cinnamon Powder,17,5.07
804,3,2024-08-18,Croissant,8,10.28
805,6,2024-08-18,Grass-fed Beef,27,11.15
806,5,2024-08-18,Greek Yogurt,11,8.62
807,5,2024-08-18,Cream Cheese,12,7.61
808,9,2024-08-18,Vegan Wrap,8,11.34
809,1,2024-08-18,Zucchini,17,8.66
810,1,2024-08-18,Spinach Pack,20,7.12
811,8,2024-08-18,Mangoes,10,9.22
812,2,2024-08-18,Comb Honey Jar,5,7.08
813,5,2024-08-18,Cream Cheese,21,9.29
814,2,2024-08-18,Honey Sticks,11,9.3
815,1,2024-08-18,Spinach Pack,22,3.3
816,3,2024-08-18,Banana Bread,20,3.69
817,9,2024-08-18,Quiche Slice,5,8.96
818,10,2024-08-18,Oat Flour,5,10.14
819,3,2024-08-18,Banana Bread,13,11.63
820,7,2024-08-18,Cinnamon Powder,18,6.43
821,1,2024-08-18,Zucchini,20,8.15
822,2,2024-08-18,Honey Sticks,11,7.75
823,8,2024-08-18,Apple Pack,23,7.85
824,1,2024-08-18,Kale Bunch,10,5.08
825,5,2024-08-18,Whole Milk Bottle,15,5.83
826,3,2024-08-18,Croissant,25,10.08
827,3,2024-08-18,Banana Bread,14,5.4
828,5,2024-08-18,Goat Cheese,10,9.98
829,8,2024-08-18,Mangoes,15,5.5
830,3,2024-08-18,Baguette,7,3.41
831,1,2024-08-18,Kale Bunch,11,11.43
832,7,2024-08-18,Turmeric Root,19,11.13
833,10,2024-08-24,Brown Rice Bag,26,9.69
834,9,2024-08-24,Quiche Slice,27,8.21
835,5,2024-08-24,Cream Cheese,8,3.68
836,6,2024-08-24,Pork Sausage,30,9.58
837,4,2024-08-24,Lemonade,24,11.97
838,5,2024-08-24,Cream Cheese,30,2.49
839,7,2024-08-24,Cinnamon Powder,20,8.32
840,8,2024-08-24,Apple Pack,16,4.6
841,9,2024-08-24,Quiche Slice,8,7.83
842,9,2024-08-24,Quiche Slice,23,5.1
843,7,2024-08-24,Turmeric Root,16,7.4
844,10,2024-08-24,Brown Rice Bag,5,9.57
845,2,2024-08-24,Wildflower Honey,25,11.64
846,3,2024-08-24,Baguette,6,4.02
847,1,2024-08-24,Spinach Pack,20,11.94
848,2,2024-08-24,Wildflower Honey,11,9.68
849,4,2024-08-24,Ginger Shot,25,6.51
850,3,2024-08-24,Sourdough Loaf,26,10.61
851,3,2024-08-24,Banana Bread,12,3.66
852,8,2024-08-24,Peaches,13,3.99
853,8,2024-08-24,Peaches,28,11.49
854,7,2024-08-24,Curry Mix,18,6.35
855,4,2024-08-24,Ginger Shot,30,9.25
856,10,2024-08-24,Quinoa Pack,27,3.28
857,5,2024-08-24,Cream Cheese,27,10.26
858,10,2024-08-24,Quinoa Pack,11,6.52
859,8,2024-08-24,Peaches,23,4.2
860,1,2024-08-24,Zucchini,16,2.23
861,1,2024-08-24,Zucchini,29,8.18
862,9,2024-08-24,Vegan Wrap,21,10.59
863,10,2024-08-24,Quinoa Pack,6,11.37
864,6,2024-08-24,Lamb Chops,26,5.68
865,5,2024-08-24,Goat Cheese,22,5.21
866,5,2024-08-24,Whole Milk Bottle,22,8.07
867,8,2024-08-24,Blueberries,14,10.0
868,8,2024-08-24,Apple Pack,15,10.41
869,10,2024-08-24,Brown Rice Bag,13,3.74
870,9,2024-08-25,Vegan Wrap,7,6.66
871,10,2024-08-25,Quinoa Pack,6,9.3
872,5,2024-08-25,Whole Milk Bottle,12,3.44
873,3,2024-08-25,Baguette,25,9.21
874,4,2024-08-25,Ginger Shot,22,10.69
875,8,2024-08-25,Apple Pack,27,8.39
876,7,2024-08-25,Turmeric Root,12,8.78
877,10,2024-08-25,Oat Flour,12,11.24
878,4,2024-08-25,Lemonade,5,3.35
879,2,2024-08-25,Honey Sticks,25,3.06
880,10,2024-08-25,Brown Rice Bag,27,9.85
881,5,2024-08-25,Whole Milk Bottle,26,2.23
882,2,2024-08-25,Comb Honey Jar,30,4.02
883,8,2024-08-25,Peaches,15,8.91
884,7,2024-08-25,Cinnamon Powder,10,3.86
885,2,2024-08-25,Wildflower Honey,8,10.9
886,5,2024-08-25,Goat Cheese,28,2.14
887,3,2024-08-25,Banana Bread,7,6.49
888,10,2024-08-25,Quinoa Pack,30,3.72
889,8,2024-08-25,Blueberries,10,10.34
890,4,2024-08-25,Ginger Shot,12,11.03
891,8,2024-08-25,Peaches,30,10.26
892,3,2024-08-25,Baguette,20,3.52
893,4,2024-08-25,Lemonade,27,7.01
894,2,2024-08-25,Comb Honey Jar,22,10.74
895,1,2024-08-25,Kale Bunch,13,2.45
896,5,2024-08-25,Greek Yogurt,7,6.69
897,2,2024-08-25,Wildflower Honey,15,4.62
898,7,2024-08-25,Turmeric Root,16,7.2
899,4,2024-08-25,Lemonade,10,4.82
900,9,2024-08-25,Vegan Wrap,9,7.77
901,5,2024-08-25,Goat Cheese,29,3.44
902,5,2024-08-25,Greek Yogurt,28,5.58
903,2,2024-08-31,Comb Honey Jar,13,10.54
904,9,2024-08-31,Granola Cup,13,4.04
905,1,2024-08-31,Zucchini,10,5.74
906,7,2024-08-31,Curry Mix,7,11.56
907,5,2024-08-31,Greek Yogurt,17,11.98
908,8,2024-08-31,Peaches,16,8.78
909,4,2024-08-31,Carrot Juice,5,5.92
910,3,2024-08-31,Baguette,23,4.01
911,10,2024-08-31,Brown Rice Bag,10,9.21
912,9,2024-08-31,Granola Cup,6,11.12
913,2,2024-08-31,Comb Honey Jar,8,6.93
914,4,2024-08-31,Ginger Shot,7,11.38
915,5,2024-08-31,Greek Yogurt,30,7.41
916,8,2024-08-31,Apple Pack,17,8.36
917,2,2024-08-31,Wildflower Honey,22,9.95
918,7,2024-08-31,Turmeric Root,13,3.23
919,1,2024-08-31,Kale Bunch,28,5.69
920,9,2024-08-31,Quiche Slice,10,8.39
921,2,2024-08-31,Comb Honey Jar,28,2.64
922,1,2024-08-31,Arugula,16,3.98
923,10,2024-08-31,Oat Flour,23,4.67
924,9,2024-08-31,Granola Cup,7,9.82
925,8,2024-08-31,Blueberries,20,10.04
926,8,2024-08-31,Peaches,17,2.19
927,3,2024-08-31,Banana Bread,25,3.28
928,10,2024-08-31,Brown Rice Bag,6,5.03
929,9,2024-08-31,Granola Cup,8,3.62
930,4,2024-08-31,Lemonade,9,11.47
931,2,2024-08-31,Wildflower Honey,20,6.28
932,1,2024-08-31,Spinach Pack,15,2.04
933,5,2024-08-31,Goat Cheese,15,11.03
934,7,2024-08-31,Curry Mix,8,2.3
935,6,2024-08-31,Grass-fed Beef,8,9.02
936,10,2024-08-31,Brown Rice Bag,9,4.14
937,5,2024-08-31,Greek Yogurt,22,2.42
938,9,2024-08-31,Quiche Slice,10,6.7
